FSV,M,g,l,max_delta,max_ll,max_mu_hat,max_s2_t_hat,model,n,s2_FSV,s2_logdelta,time,BIC,max_ll_null,LLR,pval,qval
0.10953717143596375,4,'slc17a8',155.73736765099608,6.784073227806566,-2649.871546458188,-4.047878923543456,0.0831622788154128,SE,3585,6.416274421924655e-05,0.005972679554827693,0.0007791519165039062,5332.481147928511,-2916.792914142413,266.92136768422506,0.0,0.0
0.5844718252092445,4,'htr3a',155.73736765099608,0.5932983627056527,-946.0985721000118,-4.402729607151707,0.22226892026804224,SE,3585,0.0004845114305156669,0.009499512361915877,0.0008058547973632812,1924.9351992121585,-1157.7593034886986,211.66073138868683,0.0,0.0
0.11828838920957319,4,'gad1',155.73736765099608,6.220434137093119,-2222.3667577633446,-4.754323698024297,0.0959091169129733,SE,3585,0.00022856747982250922,0.018856602016665492,0.0009400844573974609,4477.471570538824,-2310.496833792369,88.13007602902462,0.0,0.0
0.5113000976311403,4,'foxj1',155.73736765099608,0.7976321132939932,-836.1297362052281,-5.104153269012812,0.19571832549397,SE,3585,0.0005034520285748696,0.009437629295764536,0.0007810592651367188,1704.9975274225912,-1235.1271444457961,398.997408240568,0.0,0.0
0.1883293231981431,4,'ctss',155.73736765099608,3.596649895981381,-2089.697977302642,-4.709764743677246,0.11643137816547319,SE,3585,0.00013833186966115803,0.005828049379490709,0.0010018348693847656,4212.134009617419,-2434.8092483603305,345.11127105768855,0.0,0.0
0.3828824769709118,4,'mog',155.73736765099608,1.345050659006751,-1557.8894227832689,-5.261009067837968,0.18675070581435332,SE,3585,0.0007245145940800851,0.01483812663687756,0.0007469654083251953,3148.5169005786724,-1797.1438536725668,239.25443088929796,0.0,0.0
0.1427536436300189,4,'mfge8',155.73736765099608,5.0113495896548566,-3273.962686739753,-4.876040599539086,0.13945180014710368,SE,3585,0.00018155725581018016,0.011266816106114158,0.0008549690246582031,6580.663428491641,-3451.0130683728094,177.05038163305653,0.0,0.0
0.11219103655454199,4,'lyve',155.73736765099608,6.603856368108989,-2624.5405664544946,-4.602305780534993,0.09727273266494754,SE,3585,7.596958962598796e-05,0.006809033357940522,0.0008058547973632812,5281.8191879211245,-2903.581890463567,279.04132400907247,0.0,0.0
0.29817628725287454,4,'slc17a7',155.73736765099608,1.9642247953100491,-3433.7688262658435,-5.727002766225557,0.29636746786550533,SE,3585,0.0002463191013123181,0.0061343896113890016,0.0007808208465576172,6900.275707543822,-3677.165399347768,243.39657308192454,0.0,0.0
0.05519543879020475,4,'Sox6',155.73736765099608,14.284828972782401,-3021.4764268109498,-4.605344923842832,0.07711810519913799,SE,3585,4.693343610435634e-05,0.0139515800683671,0.0008788108825683594,6075.690908634035,-3121.3700540912932,99.89362728034348,0.0,0.0
0.39533636403682226,4,'palvb',155.73736765099608,1.276389848983642,-872.0330146430064,-5.117320050742213,0.15419532252654122,SE,3585,0.000792944294064874,0.01594231033091418,0.0008141994476318359,1776.8040842981477,-1160.4382007107256,288.4051860677192,0.0,0.0
0.37820674227609263,4,'pdgfra',155.73736765099608,1.3719964760977683,-1261.7750522375434,-5.394230884218872,0.17429193410369984,SE,3585,0.0005349320453682514,0.011038439446772672,0.0007407665252685547,2556.2881594872215,-1600.2099655285601,338.43491329101676,0.0,0.0
0.20120075916007812,4,'opalin',155.73736765099608,3.3131742891288654,-2285.9109408791996,-4.279759545377024,0.11596750057638387,SE,3585,0.00022990154018433972,0.008890748687319913,0.0008847713470458984,4604.5599367705345,-2573.709904246623,287.7989633674233,0.0,0.0
0.17406660382591577,4,'smad3',155.73736765099608,3.959732289463348,-3115.8472454777107,-4.509030895657204,0.1416042398860361,SE,3585,0.00016428421991414657,0.0076927614055504814,0.0009288787841796875,6264.4325459675565,-3266.2177827118876,150.37053723417694,0.0,0.0
0.0848912512989974,4,'slc5a7',155.73736765099608,8.995929148392175,-2617.084825354606,-4.2029793978565975,0.0759363686559978,SE,3585,8.121697182097159e-05,0.01145809897185918,0.0011072158813476562,5266.907705721347,-2719.513188775272,102.42836342066585,0.0,0.0
0.07150791385632373,4,'sst',155.73736765099608,10.83578432431893,-3589.046536206563,-4.042917377125117,0.08329820675712957,SE,3585,0.00010988805718700931,0.020746474167543612,0.0008687973022460938,7210.831127425261,-3669.591864069592,80.54532786302889,0.0,0.0
0.4588266465666021,4,'igtp',155.73736765099608,0.9842921618018129,-1618.490397485572,-3.94351350541744,0.1900517023740478,SE,3585,0.0004234817074476084,0.00801755034442891,0.0006997585296630859,3269.7188499832787,-1884.8262384865316,266.3358410009596,0.0,0.0
0.35574178947513346,4,'sncg',155.73736765099608,1.5113370556288321,-2363.459641319101,-6.677515342296945,0.2786325610298538,SE,3585,0.00039471601400965827,0.008486948202107106,0.0007560253143310547,4759.6573376503375,-3014.8424444156512,651.3828030965501,0.0,0.0
0.10855653537038513,4,'acta2',155.73736765099608,6.852895121664376,-2971.681722739932,-5.783701620493144,0.1379669260688894,SE,3585,0.00018125546192531596,0.01711504808891174,0.0008080005645751953,5976.101500491999,-3095.765202038893,124.08347929896127,0.0,0.0
0.1996145583221643,4,'ngef',155.73736765099608,3.3461331810175494,-2881.5865169821177,-4.802973707753365,0.1534531545049695,SE,3585,0.00032463891925282407,0.01268192082430297,0.0008718967437744141,5795.911088976371,-3069.423079906388,187.8365629242703,0.0,0.0
0.8785107989476595,4,'fbll1',405.47427007419213,0.05925645448640902,-1558.2974226572842,-3.0805704113838206,2.298589760715614,SE,3585,0.0011482391213618226,0.09088846283846871,0.0008261203765869141,3149.332900326703,-1799.259822579938,240.96239992265373,0.0,0.0
0.957462325411882,4,'ndnf',405.47427007419213,0.019036940010160413,-1518.846720337464,-3.895830928241654,6.9304337009122055,SE,3585,0.0001750429766874018,0.08331589528035348,0.0007748603820800781,3070.4314956870626,-1822.715735892913,303.8690155554491,0.0,0.0
0.9596813686427975,4,'myl14',405.47427007419213,0.018002126484809606,-1530.265991470459,-4.704131620217277,7.38020185086131,SE,3585,3.86054541143964e-05,0.020272923100896328,0.0008890628814697266,3093.270037953053,-1803.2554127649366,272.98942129447755,0.0,0.0
0.6425208673216247,4,'reln',405.47427007419213,0.23840126174490212,-1437.5209736517454,-4.443672348258545,0.557665291214334,SE,3585,0.00713209194234403,0.1528177652601681,0.0009598731994628906,2907.7800023156256,-1551.8683052265176,114.34733157477217,0.0,0.0
0.877822929800161,4,'xdh',405.47427007419213,0.05963865995480555,-783.0719927939899,-2.611442942909888,1.4828737257167963,SE,3585,0.0011318303723380177,0.08881243863505872,0.0007669925689697266,1598.8820406001148,-1175.5545596384045,392.4825668444146,0.0,0.0
0.0642772560777349,4,'Rybp',155.73736765099608,12.148596584961322,-2779.1235949018705,-5.397779684397259,0.09978478842730387,SE,3585,0.00010330865053965217,0.023467662262753226,0.0008690357208251953,5590.985244815876,-2850.1879441784354,71.06434927656483,0.0,0.0
0.7386033545633707,4,'th',405.47427007419213,0.15164700065165898,-538.2463897491725,-4.402757412020554,0.5307304368306148,SE,3585,0.0023169475138965397,0.06586080323653294,0.0008881092071533203,1109.23083451048,-855.1384379565375,316.89204820736495,0.0,0.0
0.036073610168503994,4,'E2f2',405.47427007419213,11.44983830265408,-3019.827741242217,-5.1292977077585755,0.04902576086183308,SE,3585,8.765334960412932e-05,0.05652986388687244,0.0007691383361816406,6072.3935374965695,-3090.894493079808,71.0667518375908,0.0,0.0
0.10911996513498148,4,'Smarca4',405.47427007419213,3.4983245568142913,-2928.4651158848437,-4.607882961620003,0.10424195024130195,SE,3585,0.0008479613399266402,0.07941306487838416,0.0007691383361816406,5889.668286781823,-3014.768089363184,86.30297347834039,0.0,0.0
0.04302204181577825,4,'Zscan21',405.47427007419213,9.531384901182332,-2754.2255127285785,-5.477196240889432,0.05344836501288987,SE,3585,9.520179958781615e-05,0.04438470912356986,0.0007686614990234375,5541.189080469292,-2836.6395332403204,82.41402051174191,0.0,0.0
0.4127124648144966,4,'Clock',405.47427007419213,0.6097450573138046,-3054.9900004721894,-4.454044854617503,0.5396521334681903,SE,3585,0.002404638465380973,0.04729523053422994,0.0006699562072753906,6142.718055956514,-3160.9427943757064,105.95279390351698,0.0,0.0
0.08825784364120108,4,'Nfia',405.47427007419213,4.426534102341912,-3124.7657859487076,-3.7496555292396274,0.08745918461052443,SE,3585,0.0005305491109049551,0.07015044446646967,0.0007669925689697266,6282.26962690955,-3196.52692177674,71.76113582803237,0.0,0.0
0.04599169094208771,4,'gja1',155.73736765099608,17.310476953167832,-3640.710572680749,-2.8154453189212396,0.04561892842566971,SE,3585,3.3076486989241894e-05,0.013654318258455856,0.0008959770202636719,7314.159200373633,-3711.689602245412,70.97902956466305,0.0,0.0
0.11706236945745095,4,'slc1a2',155.73736765099608,6.294322202024717,-3318.429711341333,-4.497919999756986,0.1152452101884215,SE,3585,0.00014175734912897313,0.011886184102388649,0.0007817745208740234,6669.5974776948015,-3443.586120425076,125.1564090837428,0.0,0.0
0.1682604517686174,4,'tiam1',155.73736765099608,4.125167196923978,-1603.9126216081595,-4.988666115512983,0.10674497230753215,SE,3585,0.00018625747630625957,0.00913820150780362,0.0008780956268310547,3240.5632982284537,-1789.3542800288237,185.44165842066423,0.0,0.0
0.14893333407098186,4,'alldh1l1',155.73736765099608,4.768786977556746,-1645.283530558701,-4.753391706853485,0.09546912920663046,SE,3585,0.00022154018041932715,0.012922669097164273,0.0007879734039306641,3323.3051161295366,-1757.548821617343,112.2652910586421,0.0,0.0
0.03467412963196411,4,'Tfap2e',155.73736765099608,23.232964608881023,-2983.413008659616,-4.539426306408164,0.06360790058311311,SE,3585,2.6330533775959045e-05,0.018276539146850037,0.0009970664978027344,5999.564072331367,-3051.2820505325662,67.86904187295022,2.220446049250313e-16,2.124828755263458e-16
0.1623779403245091,4,'Pml',1055.6835920113704,0.5067977468514648,-3412.3248249960616,-2.702753078640151,0.7731737857434536,SE,3585,0.0022849654994631066,0.11781066026680721,0.0006649494171142578,6857.387705004258,-3479.8252837311684,67.5004587351068,2.220446049250313e-16,2.124828755263458e-16
0.06882033592018887,4,'slc6a3',155.73736765099608,11.291534059229692,-2455.8692145213895,-3.9304044230040383,0.06144616002473554,SE,3585,8.04676464790336e-05,0.016230940953196292,0.0009038448333740234,4944.476484054914,-2521.6127646326645,65.743550111275,5.551115123125783e-16,5.046468293750713e-16
0.06745789110207283,4,'Zfp423',155.73736765099608,11.53644355685209,-2949.9580108570694,-4.929943953933851,0.09083388795267516,SE,3585,0.00010817273449393322,0.022589142880164424,0.0008990764617919922,5932.654076726274,-3015.711068170508,65.7530573134386,5.551115123125783e-16,5.046468293750713e-16
0.1006507376410274,4,'cldn5',155.73736765099608,7.456717238754426,-2722.9967108049873,-3.311034144546676,0.06572855337309384,SE,3585,0.00021472608829740264,0.022889012852291127,0.0008687973022460938,5478.73147662211,-2787.530993174706,64.53428236971877,9.992007221626409e-16,8.862090662196374e-16
0.039468347849704245,4,'Alx1',405.47427007419213,10.428163324779694,-2921.8232651303947,-5.355581259061899,0.05225866340316836,SE,3585,0.00011691179479103968,0.06385012838076028,0.0009260177612304688,5876.384585272925,-2985.9116436859717,64.08837855557704,1.2212453270876722e-15,1.0573552615477685e-15
0.03760922264981772,4,'Rbpjl',155.73736765099608,21.354693848087432,-2964.31078232449,-5.157332269662283,0.08006207310294507,SE,3585,4.243891710975276e-05,0.025336186303632217,0.000911712646484375,5961.359619661115,-3027.1080025646907,62.79722024020066,2.3314683517128287e-15,1.9716434263956275e-15
0.06271446646920102,4,'Nr3c2',155.73736765099608,12.472124462025041,-3149.048035939602,-4.574250932947792,0.08220614380567043,SE,3585,6.167997815672489e-05,0.014628440627948717,0.00098419189453125,6330.834126891339,-3210.421157744596,61.37312180499384,4.773959005888173e-15,3.945420666023284e-15
0.08961294408169732,4,'Foxn4',405.47427007419213,4.3531177979235185,-3258.3981851438016,-4.690600704502344,0.10174720743065079,SE,3585,0.0004878471582417696,0.06289435937773237,0.0007562637329101562,6549.534425299738,-3318.512612703626,60.114427559824435,8.992806499463768e-15,7.266914343001028e-15
0.05524612989528787,4,'Pknox1',405.47427007419213,7.3276026389404345,-3076.7436355302784,-4.478968031632972,0.06128869645252673,SE,3585,0.00038317289594822716,0.11371698840433185,0.0008928775787353516,6186.225326072692,-3135.6329520047593,58.88931647448089,1.6653345369377348e-14,1.316469989674099e-14
0.06858385154869712,4,'Maml3',405.47427007419213,5.819249574733358,-3118.183686457551,-4.427419221272231,0.07392868886837983,SE,3585,0.0004310209065897228,0.08746011898891633,0.0007610321044921875,6269.1054279272375,-3175.67879797537,57.495111517818714,3.3861802251067274e-14,2.6198686461173915e-14
0.05171899887232991,4,'Rbak',405.47427007419213,7.856552751517517,-2956.774174766378,-5.093534337626423,0.06056773428116942,SE,3585,0.0004344320197988235,0.14507826940193816,0.0007750988006591797,5946.286404544891,-3010.1871630002356,53.412988233857504,2.703393064962256e-13,2.048025049213831e-13
0.05459662432312885,4,'Pou3f2',405.47427007419213,7.419872596456909,-2999.7207362205713,-4.787700917319246,0.061339167564096374,SE,3585,0.0003540772824701314,0.10732168611733565,0.0007679462432861328,6032.179527453278,-3051.995784511651,52.275048291079656,4.82502926502093e-13,3.5807267272882607e-13
0.3308612435850926,4,'Trim33',405.47427007419213,0.8665934018945577,-3200.7474081976407,-4.2096186839968714,0.4147418359317415,SE,3585,0.0029946826598601594,0.06807270025466057,0.0007548332214355469,6434.2328714074165,-3252.768446398729,52.02103820108823,5.491163079796024e-13,3.993573148942564e-13
0.3894464011186745,4,'Med14',405.47427007419213,0.6717709071074159,-3074.1570738233618,-4.373946310427545,0.496144712430832,SE,3585,0.0031021293867117654,0.06289799679274513,0.0006520748138427734,6181.052202658859,-3125.1592999283666,51.002226105004866,9.22595333463505e-13,6.578219846442107e-13
0.03560131975154779,4,'Nfe2l3',155.73736765099608,22.60615826558089,-3043.7743879243017,-4.888442001209738,0.07272093727417588,SE,3585,3.276634518321269e-05,0.021655105185601597,0.0010268688201904297,6120.2868308607385,-3094.3251205955053,50.550732671203605,1.1612932837579137e-12,8.120932054251147e-13
0.034567662272307474,4,'Gfi1',155.73736765099608,23.3070917343536,-3040.657447473516,-4.86384089449964,0.07143479882059092,SE,3585,3.754936965952546e-05,0.026213321736912557,0.0008778572082519531,6114.052949959168,-3091.0973156701484,50.43986819663223,1.2286838213526607e-12,8.430077676519116e-13
0.035432579710108464,4,'E2f7',155.73736765099608,22.717789450599348,-2987.7908788646855,-4.665556352343756,0.0669524762708323,SE,3585,5.387763195933305e-05,0.03592302501324162,0.001271963119506836,6008.319812741506,-3035.7015079665525,47.910629101867016,4.4609871352463415e-12,3.004031740906628e-12
0.03279245089593888,4,'Paxip1',155.73736765099608,24.613991979203384,-2955.4285053424583,-5.291727840831958,0.08021480517351759,SE,3585,3.2335333288594946e-05,0.024904894271462575,0.0008950233459472656,5943.595065697052,-3001.8722004178067,46.44369507534839,9.42890210353653e-12,6.233984861842336e-12
0.03159148641788703,4,'Tsc2',155.73736765099608,25.581428501783982,-2840.4969760200993,-5.742670997998004,0.09064577885766421,SE,3585,3.494562245181508e-05,0.028860546805291765,0.0007841587066650391,5713.732007052334,-2885.70073377558,45.20375775548064,1.775635194434244e-11,1.1530098665157432e-11
0.027826180199197924,4,'Pou4f1',155.73736765099608,29.155908752779627,-3060.3119526855317,-4.7138944300693835,0.06351742752089552,SE,3585,2.529697992564389e-05,0.026521796368056884,0.0008969306945800781,6153.3619603831985,-3105.408257140878,45.0963044553464,1.8757884134856795e-11,1.1808735807376669e-11
0.07615213248715476,4,'vip',155.73736765099608,10.124058485788524,-2058.797228786832,-4.0157416524603375,0.06161289237915566,SE,3585,0.00015541813804569024,0.026343375596810378,0.000885009765625,4150.332512585799,-2103.8855087648576,45.08827997802564,1.883493361276578e-11,1.1808735807376669e-11
0.047450681817995256,4,'Ctnnb1',405.47427007419213,8.601815125989981,-2724.2246342276735,-4.877129529358829,0.050966142349713056,SE,3585,0.00024652564692707754,0.09616260494319147,0.0007610321044921875,5481.187323467482,-2768.3486813943746,44.124047166701075,3.0821123431223896e-11,1.8996069911386072e-11
0.18340739220331798,4,'Gabpa',405.47427007419213,1.9078037550301312,-3015.912615407562,-4.807807643028786,0.1852454485316373,SE,3585,0.0013497727703291852,0.058898894286063076,0.0007829666137695312,6064.563285827259,-3059.8370460101946,43.92443060263258,3.413025417842164e-11,2.0685002532376756e-11
0.03475362707390747,4,'Foxc1',155.73736765099608,23.177911264932593,-3196.07565498811,-4.4972306450647235,0.06438254199141571,SE,3585,3.6135786378072094e-05,0.02497592304385607,0.0008890628814697266,6424.889364988355,-3239.391637565245,43.3159825771354,4.657629837367949e-11,2.7765304544667364e-11
0.03885976744214274,4,'Nfe2l2',155.73736765099608,20.64062357799098,-3091.267066378714,-4.715172128558773,0.07106469726977015,SE,3585,3.4830489554209986e-05,0.019575009130427538,0.0012471675872802734,6215.272187769563,-3134.3303340220523,43.06326764333835,5.299793937041386e-11,3.1083835407867375e-11
0.025666824607356836,4,'Pgr',155.73736765099608,31.679010030967394,-3089.3892734812953,-4.747404992457602,0.06285039149381211,SE,3585,1.9736267149467718e-05,0.0241079251738283,0.0008769035339355469,6211.516601974726,-3130.5383291206535,41.14905563935827,1.4105139278797196e-10,8.141494533216277e-11
0.0189334325053867,4,'Plag1',405.47427007419213,22.203130490964973,-2980.104830305567,-5.123787397017219,0.03403307684670303,SE,3585,3.531354921261211e-05,0.0771278012254933,0.000985860824584961,5992.947715623269,-3021.1448839394834,41.040053633916614,1.491412549015081e-10,8.473934937585689e-11
0.07713546663411887,4,'Tbx21',405.47427007419213,5.1265941277236555,-3161.719035599219,-4.662511893906702,0.08523942035558929,SE,3585,0.0005094056002949727,0.08447803308446826,0.0007600784301757812,6356.176126210573,-3202.1331195124058,40.414083913186914,2.0545476431266252e-10,1.1493972828680424e-10
0.036173716708327745,4,'Six4',155.73736765099608,22.235243314610297,-3022.9831320086814,-4.547698349661619,0.0650044971908441,SE,3585,3.2826544862776276e-05,0.021062124860189723,0.0010480880737304688,6078.704319029498,-3063.1077704855034,40.12463847682193,2.382648522925024e-10,1.3127540071212255e-10
0.024008656535217728,4,'Hoxb3',1055.6835920113704,3.9938495824134277,-2960.6354361196313,-4.935735180157494,0.08761059899663651,SE,3585,0.0002491491178289867,0.34549140383045973,0.0006668567657470703,5954.008927251398,-2999.7100268086306,39.07459068899925,4.0791858779698487e-10,2.209412688453718e-10
0.041895985504106496,4,'Ets1',405.47427007419213,9.799080833130937,-3213.55277327422,-4.472050728430459,0.0523180211410367,SE,3585,0.000203721290336933,0.0997032641028267,0.0007548332214355469,6459.843601560575,-3252.6024377957924,39.049664521572595,4.1316017274084516e-10,2.209412688453718e-10
0.0418722362620726,4,'Bhlhe41',155.73736765099608,19.09560942684394,-3247.554861909565,-4.553621657304501,0.07069094336388311,SE,3585,6.115359541050308e-05,0.029960307201568635,0.0011799335479736328,6527.847778831265,-3285.1935632051536,37.63870129558882,8.513840743518131e-10,4.486872592104418e-10
0.05690156590165537,4,'Vav1',405.47427007419213,7.101954679935697,-3320.8466015120853,-4.0372898492430425,0.0661398445874718,SE,3585,0.0007377249198240266,0.20773748484567117,0.0007412433624267578,6674.431258036306,-3358.4561461578237,37.609544645738424,8.642057069963016e-10,4.4893802960846845e-10
0.020073844482829502,4,'Cebpg',155.73736765099608,40.73793853237167,-2902.6139528634158,-5.144325540837898,0.06629708011626795,SE,3585,1.4762661130212022e-05,0.02881741208988481,0.0008950233459472656,5837.965960738967,-2939.9374412586844,37.32348839526867,1.0007205064610503e-09,5.125329098392065e-10
0.02727986239690877,4,'Gli3',155.73736765099608,29.75650945844237,-2914.076900408005,-4.770429646073887,0.06354947178473783,SE,3585,2.1646511352813868e-05,0.023560461980829877,0.0010900497436523438,5860.891855828145,-2950.92322264465,36.84632223664539,1.2781697922292778e-09,6.455402991056961e-10
0.03540453651158209,4,'Foxo1',155.73736765099608,22.73644474531762,-3363.9268607327845,-4.04563780766485,0.05681504445744143,SE,3585,4.334018134524754e-05,0.0289396909608972,0.0008649826049804688,6760.591776477704,-3399.9469417562946,36.0200810235101,1.9529448058719368e-09,9.728243117668428e-10
0.06135214115102207,4,'camk2',155.73736765099608,12.767598703248272,-3080.305502610169,-5.64202122874175,0.10930003571851511,SE,3585,8.408943683626164e-05,0.02072768706021786,0.0036520957946777344,6193.349060232473,-3115.672829700018,35.36732708984937,2.7302877736445907e-09,1.3416647536337057e-09
0.03716674030611321,4,'Smad9',405.47427007419213,11.100478544691638,-3002.4675249111665,-5.054788711086065,0.04904913450255745,SE,3585,0.0005842740428763216,0.35653514232142713,0.0006577968597412109,6037.673104834468,-3037.6505776795184,35.1830527683519,3.0012399232504094e-09,1.4551466294547444e-09
0.044616250195796514,4,'Zic5',155.73736765099608,17.869855357495982,-3163.4058778578633,-4.5975645971462376,0.07252220290991279,SE,3585,7.640175503380208e-05,0.033330981991913144,0.002665996551513672,6359.549810727862,-3197.6449092880803,34.23903143021698,4.874148862299421e-09,2.3321286422485276e-09
0.026509097915995143,4,'Nfatc3',155.73736765099608,30.645957989746105,-2983.8897160549386,-4.998801783668762,0.06862531290170501,SE,3585,3.440196337860639e-05,0.039529066630343994,0.0008690357208251953,6000.517487122012,-3018.1019782652074,34.21226221026882,4.94165897091392e-09,2.333723244823576e-09
0.031065465726007945,4,'Wwtr1',155.73736765099608,26.028720524683656,-3094.148771586918,-4.85397552397348,0.06922303830039338,SE,3585,3.316458692587938e-05,0.02826498458924826,0.0010900497436523438,6221.035598185971,-3128.2504192044235,34.10164761750548,5.230695765412463e-09,2.4385528043880956e-09
0.01758679735259285,4,'Ttf1',1055.6835920113704,5.488087515872056,-3091.199820922253,-4.954008639378389,0.07063780662488976,SE,3585,0.0001370000168369706,0.3448921337841384,0.0006611347198486328,6215.137696856641,-3125.1844766732056,33.9846557509527,5.554841364663332e-09,2.5568890055987727e-09
0.018930093971996267,4,'Pax7',405.47427007419213,22.207121830643153,-3079.2553142720735,-4.7733957233454625,0.03214786358692624,SE,3585,4.100071401132476e-05,0.08957942021174348,0.0007610321044921875,6191.248683556282,-3113.2032621310054,33.94794785893191,5.660635848947493e-09,2.5730162949761338e-09
0.019047720384935594,4,'Zic4',155.73736765099608,42.977497895384886,-3235.7251758239363,-4.660354153575863,0.05623605204296456,SE,3585,1.1931487411411502e-05,0.02575963631482538,0.0024919509887695312,6504.188406660008,-3269.5547534902917,33.82957766635536,6.0157275827421586e-09,2.7006633368090507e-09
0.03227680246157593,4,'Nr2e1',155.73736765099608,25.020552848539563,-3130.4038873882455,-4.72146411008806,0.06725423629698031,SE,3585,3.788754284347724e-05,0.03005853507340469,0.0010900497436523438,6293.545829788626,-3164.1820332381108,33.77814584986527,6.176887223929839e-09,2.7391961081728784e-09
0.017776102153252055,4,'Cdc6',155.73736765099608,46.11160226945049,-3163.496164469452,-4.826132859877602,0.05816417737470528,SE,3585,1.1233349735319517e-05,0.027701856199165865,0.0020890235900878906,6359.73038395104,-3197.1302534720976,33.634089002645396,6.6516742114330896e-09,2.9142055690835008e-09
0.08289124452797725,4,'Nr2f2',405.47427007419213,4.740861526045289,-3219.0669064787694,-4.672362749432583,0.09312709679142941,SE,3585,0.0012128896913947429,0.17809431903712006,0.000766754150390625,6470.871867969674,-3252.3990610664905,33.33215458772111,7.76874398145111e-09,3.3517245544668525e-09
0.038706356007747994,4,'Nr4a3',155.73736765099608,20.72573963576358,-3038.219541030767,-5.395976655038064,0.0876431618247406,SE,3585,4.6912911501251634e-05,0.02655850739054647,0.0010790824890136719,6109.177137073669,-3071.535265736262,33.315724705495086,7.834656146066266e-09,3.3517245544668525e-09
0.03133934879841637,4,'Dmbx1',405.47427007419213,13.244232045127688,-3318.0021824809905,-3.972970402976662,0.04077161689955157,SE,3585,9.125217508005055e-05,0.07650209064570541,0.0007748603820800781,6668.742419974116,-3350.9562635234065,32.954081042415964,9.436145864682999e-09,3.944052608017974e-09
0.031948819904593216,4,'Elf2',405.47427007419213,12.983404518475924,-3136.726412202144,-5.027631924247441,0.04633244784852078,SE,3585,0.00025580416185001293,0.20685970939111484,0.0007443428039550781,6306.190879416423,-3169.68215963323,32.955747431086365,9.428061331639981e-09,3.944052608017974e-09
0.029063073137272907,4,'Esr2',155.73736765099608,27.87954860388134,-3122.367787724781,-4.663868720529173,0.06367491755078998,SE,3585,3.235426994627009e-05,0.031251023859373436,0.0011310577392578125,6277.473630461697,-3155.0240902964933,32.65630257171233,1.0998220667524095e-08,4.544719284100867e-09
0.04237260780539696,4,'Foxo4',155.73736765099608,18.86025763566952,-3185.3092069931604,-4.718754501159659,0.07422584860987605,SE,3585,6.89490619287483e-05,0.033052356499199506,0.0011069774627685547,6403.356468998456,-3216.929066498611,31.619859505450677,1.8750224151098394e-08,7.660970031092298e-09
0.1468306300692682,4,'Rorc',405.47427007419213,2.4897955349569947,-3350.1960903592603,-4.082055714432702,0.16633450524780727,SE,3585,0.003407873358398521,0.20293711308242318,0.0007429122924804688,6733.130235730656,-3381.562002350095,31.365911990834775,2.1370009206655993e-08,8.634347154204444e-09
0.03558406457562435,4,'Onecut2',155.73736765099608,22.61752495501444,-2920.369491017238,-4.777524780818349,0.06914504575275604,SE,3585,4.222607371739948e-05,0.02793212439674249,0.0008907318115234375,5873.477037046611,-2951.6466099621102,31.2771189448722,2.2370066909971342e-08,8.939087676312227e-09
0.03980411744790108,4,'Polr2b',155.73736765099608,20.13112726547284,-3026.584936732417,-5.08623428201583,0.08016523202539544,SE,3585,7.888128944971365e-05,0.04241340212493049,0.0008921623229980469,6085.90792847697,-3057.7986446365276,31.21370790411038,2.3112822433724034e-08,9.135502938230846e-09
0.06444651017272389,4,'Cbfa2t3',155.73736765099608,12.114499385892731,-3151.4257704129245,-5.433038820684961,0.10605714966871084,SE,3585,0.00015140271788765226,0.03423500286938302,0.0009429454803466797,6335.589595837984,-3182.314622619805,30.88885220688053,2.7323679874236007e-08,1.0683745796377718e-08
0.016781973780406093,4,'Eomes',405.47427007419213,25.104517857128172,-3048.770458130053,-5.091378474116026,0.0323838664708031,SE,3585,4.904661470275971e-05,0.13515367977250897,0.0008769035339355469,6130.2789712722415,-3079.5769882070454,30.806530076992203,2.8507694427304386e-08,1.1028121635320849e-08
0.013741652301560882,4,'Pax9',405.47427007419213,30.75366133003659,-2946.535065358853,-4.869794609452992,0.027366815735668296,SE,3585,1.6299339219941505e-05,0.06615751202565223,0.0007860660552978516,5925.808185729841,-2977.157540821985,30.622475463132105,3.1344171036451485e-08,1.1997768817780476e-08
0.04907077587717432,4,'Cdc5l',155.73736765099608,16.17191774279396,-3208.132263344151,-4.772324510312827,0.07990792052983078,SE,3585,5.909675139029627e-05,0.02169404983072157,0.0012230873107910156,6449.002581700437,-3238.5385971568094,30.40633381265843,3.503822432193715e-08,1.3272054667400439e-08
0.037218859332627724,4,'Sox11',405.47427007419213,11.084334072391792,-3402.1434970973164,-3.5530086260640616,0.0454177348534189,SE,3585,0.00029160091639358795,0.17747953864046845,0.0007801055908203125,6837.025049206768,-3432.461430955853,30.317933858536435,3.6671953806965973e-08,1.3747686525573001e-08
0.013449408672041294,4,'Emx2',405.47427007419213,31.431221702528262,-3155.004387122588,-4.408999873165243,0.025133714766664976,SE,3585,3.277051152028069e-05,0.1386890636065775,0.0009987354278564453,6342.746829257311,-3184.772060032508,29.76767290991984,4.870460179606795e-08,1.8072208458652305e-08
0.02351268821108811,4,'Zfp64',155.73736765099608,34.65776668064892,-3220.021719234128,-4.588332854656996,0.05847719296960753,SE,3585,2.3672946029035006e-05,0.03415744268597102,0.0023872852325439453,6472.781493480391,-3248.9745081850433,28.95278895091542,7.416395653159213e-08,2.724112269296314e-08
0.027046167563070503,4,'En1',405.47427007419213,15.414576224986865,-3228.4894554730304,-4.581003533110902,0.03964371754683592,SE,3585,9.16181120204432e-05,0.1013535060877155,0.0007669925689697266,6489.716965958196,-3257.415036193643,28.925580720612743,7.521303191371231e-08,2.735019342316812e-08
0.021136575796513433,4,'Zfp287',405.47427007419213,19.844152721982553,-3198.7026193868055,-4.6152700459910525,0.03407109773911764,SE,3585,0.00010168777154558483,0.17981837744021312,0.0007660388946533203,6430.143293785746,-3227.2762535243023,28.57363413749681,9.02020829141037e-08,3.2475997448822226e-08
0.022933544019058283,4,'Sp8',155.73736765099608,35.5540586416589,-3034.421305476827,-5.452349769026377,0.07689840724438714,SE,3585,2.6004338069982054e-05,0.039347540719364006,0.002262115478515625,6101.580665965789,-3062.592074337187,28.170768860360113,1.1106939701299723e-07,3.9596932981460694e-08
0.11729646311941776,4,'Tmf1',405.47427007419213,3.22459399451623,-3141.3249897706237,-4.677489894231608,0.12375366128757584,SE,3585,0.0014458193834192262,0.12085316570717974,0.0007779598236083984,6315.388034553383,-3169.444191439084,28.11920166846039,1.1406849098616334e-07,4.027131191038424e-08
0.011717915827877602,4,'Vdr',405.47427007419213,36.13895908152915,-3062.2544004501997,-5.16496302122033,0.028250818469807062,SE,3585,2.6314502036814606e-05,0.14566842959826248,0.0009670257568359375,6157.246855912535,-3090.057401254138,27.803000803938176,1.3431761725080094e-07,4.6964201835944397e-08
0.030462752242766372,4,'Tbx15',155.73736765099608,26.56021671272082,-3113.7817957174557,-4.679156472992574,0.06493427830980243,SE,3585,5.8881546720671306e-05,0.052061156836060794,0.0009989738464355469,6260.301646447047,-3140.959967281997,27.178171564541117,1.8554173908391647e-07,6.42568793364213e-08
0.03425670858463078,4,'Neurod4',155.73736765099608,23.52622904232812,-3158.6764400139764,-4.848929545612151,0.07178940588438915,SE,3585,4.4283772657488794e-05,0.0314390490143598,0.0022568702697753906,6350.090935040088,-3185.819773309335,27.14333329535839,1.8891553810185258e-07,6.480807482053263e-08
0.030020949793983866,4,'Pin1',155.73736765099608,26.963370557818973,-3105.477486726174,-4.636581700733587,0.06362245479595886,SE,3585,3.554108674045576e-05,0.03229828827625854,0.0025069713592529297,6243.693028464483,-3131.9831476646946,26.505660938520577,2.6276696718507964e-07,8.930058358031597e-08
0.0388548967694694,4,'Ar',405.47427007419213,10.599571021793516,-3022.929459698135,-5.2472987734939185,0.05243693982025163,SE,3585,0.0003425994575112219,0.19258810800938517,0.0007522106170654297,6078.596974408405,-3049.3606829533346,26.43122325519971,2.730902213254893e-07,9.194956946986175e-08
0.02862248333479495,4,'Atm',155.73736765099608,28.32154817628771,-3110.1418382098427,-4.948375457145214,0.06978284468386377,SE,3585,5.7120528931686904e-05,0.056783104675644076,0.0019719600677490234,6253.021731431821,-3136.1725626770003,26.030724467157597,3.3602697036005935e-07,1.1210240879401483e-07
0.021076496613396768,4,'Nfil3',155.73736765099608,38.76025154146896,-3227.9688209239484,-4.405051840590921,0.052794929288655854,SE,3585,1.801299342021409e-05,0.032027072734110935,0.0023369789123535156,6488.675696860032,-3253.775274206094,25.806453282145412,3.774244491383527e-07,1.2476841293829845e-07
0.025589865460733323,4,'Hoxb9',155.73736765099608,31.77679145367531,-3023.0109548018263,-4.995820684547363,0.06806662196784208,SE,3585,3.637736524430597e-05,0.0446887978396704,0.0024080276489257812,6078.759964615788,-3048.2880645472724,25.27710974544607,4.965669079259882e-07,1.626754817120355e-07
0.025111769938658147,4,'Ehf',155.73736765099608,32.397668498903734,-3181.1679599153103,-4.422417324238438,0.05602583578233686,SE,3585,2.8990986187319492e-05,0.03691209705243518,0.0019838809967041016,6395.073974842756,-3205.672486518546,24.504526603235718,7.413546367907031e-07,2.40699557399579e-07
0.022654371458022758,4,'Satb1',155.73736765099608,36.002479488158805,-3174.9182314312275,-4.714580143708531,0.060224739220713225,SE,3585,2.953641622235487e-05,0.045748233057497194,0.0024449825286865234,6382.57451787459,-3199.397307254224,24.479075822996492,7.512123669783932e-07,2.417417110147686e-07
0.02035510899987767,4,'Arid3a',405.47427007419213,20.62245366647395,-3107.1594553935956,-4.918602325168327,0.034750488126154354,SE,3585,0.0001507855852842345,0.2865913011550242,0.0007588863372802734,6247.0569657993265,-3130.119646510645,22.960191117049362,1.6539106987289998e-06,5.275632212851675e-07
0.026178311852678732,4,'Ppargc1b',155.73736765099608,31.043741587455568,-3170.15332799962,-5.048891590891909,0.0706328131567216,SE,3585,3.6755860651539846e-05,0.043249774070537365,0.0021491050720214844,6373.0447110113755,-3192.833887424851,22.680559425230967,1.9129348455271256e-06,6.048805835658897e-07
0.03396601515747646,4,'Nkx3-1',405.47427007419213,12.186890161800498,-3349.1619804678617,-4.123373926840676,0.04482185222952351,SE,3585,0.00014484793707733592,0.10447949177721474,0.0007722377777099609,6731.0620159478585,-3371.722133479515,22.560153011653256,2.036653102166497e-06,6.384492483280556e-07
0.08729841089981162,4,'chat',155.73736765099608,8.724865133447015,-1862.3812751111686,-4.6365484224629325,0.07773283037716121,SE,3585,0.0006442048701651452,0.08674065676293893,0.0008840560913085938,3757.500605234472,-1884.7913597389493,22.410084627780634,2.2021468935040645e-06,6.844279389290023e-07
0.02136582617210222,4,'Taf4b',155.73736765099608,38.22407112843522,-3217.246603378896,-4.497997334596268,0.054846184370253404,SE,3585,3.2805371089031664e-05,0.05682587634887667,0.0026247501373291016,6467.231261769927,-3239.5975816161135,22.350978237217532,2.2709734381898272e-06,6.998377313373892e-07
0.019136179960069076,4,'Esrrg',155.73736765099608,42.7749709327068,-3121.7905773114508,-5.226850853092311,0.06820558723337548,SE,3585,2.3492653961013422e-05,0.05027009912942071,0.002536296844482422,6276.319209635037,-3143.95270643407,22.162129122619262,2.505679138509187e-06,7.656773532495607e-07
0.02125748788301529,4,'Zkscan17',405.47427007419213,19.728842386687035,-3238.3960295932234,-4.655250198781374,0.03486592214582904,SE,3585,5.7854732608131934e-05,0.10119609248799372,0.0007650852203369141,6509.530114198582,-3260.43056130496,22.03453171173669,2.6778903755575456e-06,8.114819319871352e-07
0.030741576250275373,4,'Atr',155.73736765099608,26.311748321011294,-3515.4705899373675,-4.282426542664623,0.05971888417946655,SE,3585,4.3474099856463156e-05,0.03778681492870422,0.0027260780334472656,7063.67923488687,-3537.2694411762322,21.7988512388647,3.027813652134448e-06,9.09936484488189e-07
0.021287933951624018,4,'Sp1',155.73736765099608,38.36698590468937,-3302.049130429321,-4.569029110511388,0.05667671710056766,SE,3585,2.9087929217778292e-05,0.05073976165838934,0.002544879913330078,6636.836315870777,-3323.4765809909395,21.42745056161857,3.6747226467293004e-06,1.095297361171178e-06
0.019042636046269257,4,'Sin3a',155.73736765099608,42.9891956000123,-3074.203642799983,-4.877232993200971,0.06009757543940418,SE,3585,1.7625541112358034e-05,0.0380724175462903,0.002397775650024414,6181.145340612101,-3095.5499880670372,21.346345267054403,3.833508656403417e-06,1.1333358925065538e-06
0.014996434189721674,4,'Mafk',155.73736765099608,54.813312808629234,-3117.6277723961684,-4.601181420997538,0.05062947575808825,SE,3585,1.2553625299142451e-05,0.04300494172536131,0.002285003662109375,6267.993599804472,-3138.7914050327145,21.163632636546026,4.216908749299364e-06,1.2366301317593446e-06
0.013134418469379208,4,'Prdm1',405.47427007419213,32.19528281697971,-3160.6176137688253,-4.853961359769164,0.027902219967939415,SE,3585,4.187455732974802e-05,0.18558010518441417,0.00078582763671875,6353.973282549786,-3181.6169880801117,20.999374311286374,4.5943338726761596e-06,1.3365334902330651e-06
0.01787519446637352,4,'Smad5',155.73736765099608,45.85135336630137,-3128.340242085211,-4.624197578128354,0.05395046596539339,SE,3585,1.668578379896699e-05,0.040709318325551094,0.0024979114532470703,6289.418539182557,-3148.7656725092784,20.4254304240676,6.20004188001122e-06,1.7792944675573644e-06
0.023411433487419513,4,'Trp73',155.73736765099608,34.81127123156746,-3170.301027274538,-4.863754387473667,0.06410127163379555,SE,3585,5.653000422365392e-05,0.08223973838391113,0.002341032028198242,6373.340109561211,-3190.722096776136,20.42106950159814,6.214185927944094e-06,1.7792944675573644e-06
0.02133464728104381,4,'Zic2',155.73736765099608,38.28115215311641,-3134.940388781273,-4.352634801412539,0.05150498398096951,SE,3585,2.467165449487273e-05,0.04285610547296026,0.002727985382080078,6302.618832574682,-3155.2950951476423,20.3547063663691,6.433466043009872e-06,1.8276892167641687e-06
0.07915549215135227,4,'Irx4',405.47427007419213,4.984829859031405,-3233.6527565951656,-4.201371143822522,0.08631711462557681,SE,3585,0.0014103380428639647,0.22384321739682422,0.0007650852203369141,6500.043568202466,-3253.958388677689,20.305632082523516,6.600600282680169e-06,1.8543352632736773e-06
0.018294042913004172,4,'Nfatc4',405.47427007419213,22.994121604587907,-3072.8164889423697,-4.707638443229469,0.031051896354773418,SE,3585,4.448682257296565e-05,0.10380181111768923,0.0007672309875488281,6178.371032896875,-3093.113834652563,20.29734571019344,6.629248566203394e-06,1.8543352632736773e-06
0.010134186292157621,4,'Vsx1',1055.6835920113704,9.596238638135114,-3101.4862643961883,-4.789635750351777,0.043744065144743834,SE,3585,3.961798396096779e-05,0.29130658291255296,0.0007131099700927734,6235.710583804512,-3121.6527865372477,20.16652214105943,7.0984446438604465e-06,1.970421830356821e-06
0.02023983430076108,4,'Pknox2',155.73736765099608,40.396996775525615,-3330.0924786506384,-4.340919084639937,0.05135615808424387,SE,3585,2.938460781027829e-05,0.056461407820558966,0.0022940635681152344,6692.923012313412,-3350.1568598129616,20.064381162323116,7.48783267501274e-06,2.0627638223175597e-06
0.019240557668938174,4,'Barhl1',155.73736765099608,42.53839469996538,-3166.0432501593787,-4.4376011488036085,0.0516073466944812,SE,3585,2.6596223510579976e-05,0.056319403686497974,0.002621889114379883,6364.8245553308925,-3186.0190756645966,19.975825505217927,7.842745997410638e-06,2.1442914552045495e-06
0.040812735086733776,4,'Nfkbiz',405.47427007419213,10.070540833368902,-3287.104166040803,-4.576142934040574,0.05355512043777714,SE,3585,0.0016646210509662425,0.8547941278479244,0.0006680488586425781,6606.946387093742,-3306.968515417364,19.864349376560767,8.313632868905962e-06,2.256074048549787e-06
0.023593905018293355,4,'Vsx2',405.47427007419213,17.732735896633706,-3036.490633626236,-5.05560014712784,0.0380107259447595,SE,3585,0.00015079159843072107,0.21615166269728642,0.0007610321044921875,6105.719322264607,-3056.20477550747,19.7141418812339,8.99333733461738e-06,2.422447766900305e-06
0.014904104072683725,4,'Nfya',155.73736765099608,55.15804811128119,-3171.8124071836246,-4.686462273686902,0.05238331712813558,SE,3585,1.0551213341464379e-05,0.03658063863789646,0.0027222633361816406,6376.362869379384,-3191.388592204984,19.57618502135938,9.666667438179566e-06,2.5658042304391687e-06
0.01320915473816814,4,'Notch3',155.73736765099608,62.34280492018015,-3204.324691533606,-4.43018076628717,0.04577766608905706,SE,3585,1.3620878908469899e-05,0.05970235173690026,0.002569913864135742,6441.387438079347,-3223.9056328474126,19.58094131380676,9.64263170655233e-06,2.5658042304391687e-06
0.039041848009402795,4,'Hic1',405.47427007419213,10.54676331419754,-3174.576311468179,-4.547251575633789,0.04953768796692091,SE,3585,0.001157097060363056,0.6447162531401457,0.0006587505340576172,6381.890677948493,-3193.481936137436,18.905624669257122,1.3734711292845425e-05,3.6191597609605876e-06
0.01092272246701057,4,'Gli2',405.47427007419213,38.80113385283095,-3152.2897492995653,-4.581180859026976,0.02379683657225107,SE,3585,1.943749724388471e-05,0.12343165626958306,0.0007839202880859375,6337.317553611266,-3171.137136265361,18.847386965795522,1.4160495397597117e-05,3.704511549404086e-06
0.037167234331753916,4,'Arid2',405.47427007419213,11.100325301968066,-3210.1165779593753,-4.583826956797491,0.04873774044678643,SE,3585,0.0005405269476447714,0.32983171759419816,0.0007939338684082031,6452.971210930886,-3228.9132258151135,18.79664785573823,1.4542249452631495e-05,3.7772076500341558e-06
0.043643873993739944,4,'Bach1',155.73736765099608,18.28658482906179,-3188.499293192692,-4.486804970067044,0.06964813506044601,SE,3585,9.411596222845783e-05,0.04274292735582976,0.003484964370727539,6409.73664139752,-3206.954465449463,18.455172256770766,1.739480805129645e-05,4.486088472287932e-06
0.028018839493394298,4,'Zbtb33',155.73736765099608,28.9496926939684,-3014.8300453675674,-4.916475154463699,0.06799839957654176,SE,3585,6.294780441541394e-05,0.0651419253457426,0.0024039745330810547,6062.39814574727,-3033.2419892770595,18.411943909492038,1.7793913152375218e-05,4.5566999109795705e-06
0.022410506225686456,4,'Hoxd12',405.47427007419213,18.69174939322003,-3248.1741035242617,-4.486405991335469,0.03485153551975263,SE,3585,6.306609465965472e-05,0.09971991393975782,0.0007700920104980469,6529.086262060659,-3266.5164419729776,18.342338448715964,1.8455967126462802e-05,4.679594806745523e-06
0.018075034979463524,4,'Elk4',405.47427007419213,23.277924027224547,-3140.0904330094027,-4.52754785846121,0.030115429451396617,SE,3585,6.196673653274935e-05,0.14798039932082374,0.0008413791656494141,6312.9189210309405,-3158.425021503761,18.334588494358286,1.8531195434712266e-05,4.679594806745523e-06
0.00848060140669617,4,'Lhx6',405.47427007419213,50.09791536710166,-3451.502177152379,-4.59399484682453,0.022600964665396142,SE,3585,2.122450057039746e-05,0.22133712918872808,0.0007579326629638672,6935.742409316893,-3469.3416782767854,17.839501124406524,2.4034166005271196e-05,6.027377054613468e-06
0.006431200848586663,4,'Lpp',1055.6835920113704,15.178171976979668,-3101.653980206717,-5.129279491044262,0.03179209375217989,SE,3585,2.0039071791008372e-05,0.3603135932386062,0.0008819103240966797,6236.046015425569,-3119.275476615805,17.621496409088195,2.695245213113484e-05,6.712939509622627e-06
0.013422176729205535,4,'Pax1',405.47427007419213,31.495861140942136,-3224.331620132536,-4.497061525739673,0.026111094361327913,SE,3585,7.376585289509733e-05,0.31341964670707095,0.0007388591766357422,6481.401295277207,-3241.7237255936698,17.392105461133724,3.040863701442298e-05,7.5222355014033364e-06
0.013915805257216049,4,'Zfp354a',405.47427007419213,30.36342415198771,-3015.2762671173314,-4.652188418109214,0.026372117093974252,SE,3585,5.980047494581764e-05,0.23685678980943445,0.0007989406585693359,6063.290589246798,-3032.111340772524,16.835073655192446,4.07727411442238e-05,1.0017872517008307e-05
0.01910438026459175,4,'Mnat1',155.73736765099608,42.84755996632679,-3062.236139588331,-5.129641659839602,0.06569323620740525,SE,3585,2.417151380138196e-05,0.05188832580793372,0.0026159286499023438,6157.210334188797,-3078.926317047315,16.69017745898418,4.400827134376506e-05,1.07402736653484e-05
0.01356384348452215,4,'Zic3',155.73736765099608,60.69074473075587,-3082.885582136756,-5.087813980963617,0.058692422798190744,SE,3585,1.1771614313966258e-05,0.04900497416930821,0.0024929046630859375,6198.509219285647,-3099.262614611156,16.37703247440004,5.191045426911067e-05,1.258435255008744e-05
0.016104099232123043,4,'Creb1',155.73736765099608,50.98576820990162,-2954.3838413543263,-5.364232149968224,0.06744865441652621,SE,3585,1.816703816018875e-05,0.05421378281055983,0.0023651123046875,5941.505737720788,-2970.7402403817787,16.356399027452426,5.247867371949155e-05,1.263785038398352e-05
0.03736787623369563,4,'Mn1',155.73736765099608,21.498006434963067,-3033.8148636051083,-4.991405610394965,0.0762931368862616,SE,3585,6.18299716670716e-05,0.03735488523893176,0.0021800994873046875,6100.367782222352,-3049.9872393548812,16.172375749772982,5.783134888315278e-05,1.3835250928983923e-05
0.016589884139114063,4,'Pax3',155.73736765099608,49.468366809454615,-3068.6713697687082,-5.16847174552894,0.06397284477768754,SE,3585,2.636783133857408e-05,0.07429350267137812,0.002048015594482422,6170.080794549552,-3084.781809108803,16.110439340094672,5.97537454477548e-05,1.4201722031551947e-05
0.01766642424437237,4,'Tbx2',155.73736765099608,46.40305640555145,-3311.499466415271,-4.370257444494402,0.049550245292725406,SE,3585,2.7622256509812527e-05,0.06893496675802605,0.0023109912872314453,6655.736987842677,-3327.385635762269,15.886169346998031,6.726850747540425e-05,1.5883945094546463e-05
0.016680634529547773,4,'Phox2b',155.73736765099608,49.19469577353316,-3249.6306962933995,-4.2147060653934325,0.04549298901616631,SE,3585,3.0147566330241405e-05,0.08405271273272262,0.002537965774536133,6531.999447598934,-3265.376909513053,15.746213219653328,7.243278538449083e-05,1.6993028829206066e-05
0.02710848431744768,4,'Lhx3',155.73736765099608,29.94990395637233,-3290.754960325042,-4.152807069516825,0.05274743421745916,SE,3585,5.369625224593708e-05,0.059144192250619475,0.002311229705810547,6614.247975662219,-3306.396343106603,15.641382781561333,7.656064725636291e-05,1.7846304721762924e-05
0.038521855316885976,4,'Myb',405.47427007419213,10.694914376299142,-3181.682020076502,-4.135763122923449,0.046236254906698485,SE,3585,0.0004778134059422822,0.27289696292547033,0.0007770061492919922,6396.102095165139,-3197.3047464604106,15.622726383908685,7.73197037443607e-05,1.790844325289189e-05
0.017433154432312224,4,'Sall4',405.47427007419213,24.150783202105067,-3085.4093300091117,-4.593714889240645,0.029571791621004196,SE,3585,6.888144313226158e-05,0.1763653765740339,0.0007739067077636719,6203.556715030359,-3100.9959703629497,15.586640353837993,7.880945743909962e-05,1.8137964888170227e-05
0.017992369961255954,4,'Sox5',405.47427007419213,23.386841946891938,-2932.489501903048,-5.245875092876723,0.03384125713138594,SE,3585,0.00014106379016427546,0.3398566631051007,0.0007731914520263672,5897.717058818232,-2947.9032616669965,15.413759763948292,8.635718656613278e-05,1.975007125583369e-05
0.016446153865089824,4,'Etv3',155.73736765099608,49.90798616531409,-3095.4893442591992,-5.134823781390376,0.06316611428874642,SE,3585,2.0268965582854138e-05,0.05807780978255793,0.0022878646850585938,6223.716743530534,-3110.520239306163,15.030895046963906,0.00010576546819718313,2.403760640845072e-05
0.016755611081368315,4,'Mybl2',155.73736765099608,48.97082939233046,-3343.066893228226,-4.081706916263603,0.04357110914111964,SE,3585,2.671132759133126e-05,0.07383001251157777,0.002529144287109375,6718.871841468587,-3357.9272828297267,14.860389601500628,0.00011576862111217778,2.6147627580390246e-05
0.01112529878096789,4,'Egf',155.73736765099608,74.17641456100937,-3190.9730859461397,-4.5768221925397174,0.04587184150663757,SE,3585,8.078110572336636e-06,0.04948767705484985,0.002935171127319336,6414.684226904415,-3205.628212360778,14.65512641463829,0.0001290830808327037,2.8974877852458752e-05
0.017494893848290338,4,'Irf2',155.73736765099608,46.86620182945672,-3258.32793204052,-4.811454554830603,0.057970675386157314,SE,3585,2.5738190322526734e-05,0.0654527947371746,0.002231121063232422,6549.393919093175,-3272.8456799983724,14.517747957852407,0.0001388452826357467,3.0974965451365695e-05
0.019086389670872207,4,'Mxd1',155.73736765099608,42.88873415117409,-3120.901442237626,-4.336631142264842,0.04931849786632936,SE,3585,3.3583035519846186e-05,0.07222244100950033,0.0028951168060302734,6274.540939487387,-3135.194433958295,14.292991720669306,0.000156446261641352,3.447851496228144e-05
0.10372180752543808,4,'Tfdp2',405.47427007419213,3.7026941857438165,-2974.9717458298846,-4.80151946388951,0.10324288703313855,SE,3585,0.0017749414405288007,0.18025506037626585,0.0007529258728027344,5982.6815466719045,-2989.2697768272624,14.298030997377737,0.00015602800031755404,3.447851496228144e-05
0.01726578523226066,4,'Sox13',405.47427007419213,24.389047142316127,-3295.1110547947474,-4.251880045673873,0.02877723381367186,SE,3585,0.00018076483540996712,0.47152718494600815,0.0006551742553710938,6622.96016460163,-3309.26283532097,14.151780526222865,0.00016863742866879416,3.6941386345847584e-05
0.017706277406558012,4,'Scml2',405.47427007419213,23.771642785782046,-3216.662005088545,-4.224204600305389,0.028368188128502354,SE,3585,6.151652742519575e-05,0.15285718141114557,0.0010118484497070312,6466.062065189225,-3230.5940768292703,13.932071740725405,0.00018953671258703508,4.1270922719006016e-05
0.016820009357902222,4,'Ciita',155.73736765099608,48.78014111543977,-3311.575867250058,-4.480598130897398,0.05086353193712089,SE,3585,2.1797810911852378e-05,0.05980438071464428,0.002604961395263672,6655.889789512251,-3325.1111080781466,13.535240828088718,0.0002341253384107178,5.0466718348352435e-05
0.01975059924345774,4,'Gli1',405.47427007419213,21.26676340592511,-3316.261023089362,-4.306301434260926,0.031754281136549864,SE,3585,7.59704141008915e-05,0.15298969163183487,0.0009002685546875,6665.260101190859,-3329.7929103161064,13.531887226744402,0.0002345440735239679,5.0466718348352435e-05
0.01938828628971173,4,'Trps1',155.73736765099608,42.20791573801848,-3355.0606555237646,-5.041566080390939,0.06533019629189314,SE,3585,3.4293023004157503e-05,0.07155869911173393,0.002961874008178711,6742.859366059664,-3368.5301718525548,13.469516328790178,0.0002424708067735315,5.186541321358964e-05
0.031239432410137248,4,'Rfx2',405.47427007419213,13.287962975335372,-2974.0803244248514,-4.984300766383059,0.04316061557231374,SE,3585,0.0009428442216827985,0.7951856813789755,0.0008070468902587891,5980.898703861838,-2987.2559426210405,13.175618196189134,0.00028361515076225086,6.0311568476821036e-05
0.010611949861010543,4,'Zfp128',155.73736765099608,77.80503910764237,-3043.9874200934028,-4.9331922391013245,0.0514234001394194,SE,3585,1.0956618750197747e-05,0.07361693170753682,0.0028269290924072266,6120.712895198941,-3057.0865868278534,13.099166734450591,0.0002954271570922984,6.245817274678615e-05
0.015022605209415152,4,'Zfp263',155.73736765099608,54.71636820527155,-3126.7439224532027,-4.766895503782853,0.053958807979319026,SE,3585,2.7382052079030405e-05,0.09348616543956842,0.002189159393310547,6286.225899918541,-3139.755835717384,13.011913264181203,0.0003095155413260775,6.505844273800895e-05
0.03494616670220453,4,'Zfp422',155.73736765099608,23.04561222205314,-3187.2893061925006,-4.5889174479921016,0.06647751451341963,SE,3585,0.00011913591714578811,0.08150124469126062,0.002274036407470703,6407.316667397136,-3200.2365703756113,12.947264183110747,0.0003203893636842814,6.695702480340261e-05
0.012614614323968808,4,'Relb',155.73736765099608,65.32042051710104,-3058.504333873956,-5.397465870674687,0.063959710278515,SE,3585,1.3122976922520924e-05,0.06291564404128701,0.0026988983154296875,6149.746722760047,-3071.2151548686443,12.71082099468822,0.000363545788372166,7.51127661925963e-05
0.015329530952295277,4,'Hoxb8',155.73736765099608,53.60413604428806,-3254.871442061103,-4.592052337229875,0.05128713530786197,SE,3585,2.068320468213742e-05,0.06790143429869275,0.0027709007263183594,6542.4809391343415,-3267.5868076488478,12.7153655877446,0.0003626633864872719,7.51127661925963e-05
0.03523251376975851,4,'Lmx1a',405.47427007419213,11.733406567898397,-3152.0617917675795,-4.583726157553379,0.04601109216960093,SE,3585,0.0003356305876975063,0.22614913555049798,0.0007500648498535156,6336.861638547294,-3164.7378363956077,12.676044628028194,0.0003703702319822755,7.6090443139656e-05
4.294605567992679e-09,4,'Tcf23',155.73736765099608,194317972.03401822,-3317.2017336839017,-4.206719180222207,9.30004485691569e-08,SE,3585,2.855571462984889e-08,1121042371.018191,0.004956960678100586,6667.141522379939,-3329.840205252065,12.638471568163368,0.0003778888090117949,7.71989395325424e-05
0.02350840479046057,4,'Rfx4',155.73736765099608,34.66423366087003,-3091.014155243378,-4.633941340254602,0.05874059523104748,SE,3585,7.017497731329095e-05,0.10128986754389836,0.002603769302368164,6214.766365498891,-3103.62495580577,12.610800562391887,0.00038352420924059327,7.791248537137499e-05
0.03597658100746029,4,'slc6a8',155.73736765099608,22.36165537614843,-2319.305066489078,-3.7841277605375616,0.044686858844482105,SE,3585,0.00010299035466258188,0.06675382108525958,0.0022857189178466797,4671.348187990291,-2331.885055768916,12.579989279838173,0.0003898989679357312,7.876746826984471e-05
0.020060151390186336,4,'Hltf',155.73736765099608,40.76631596093554,-3329.332739473679,-4.448827281212596,0.05331673509745391,SE,3585,2.960572853382381e-05,0.05786747049111623,0.0026140213012695312,6691.403533959493,-3341.7842211162274,12.451481642548515,0.0004176603745889018,8.390966842569602e-05
0.009987506362083192,4,'Mzf1',405.47427007419213,42.47454128280762,-3143.941864187882,-4.397480260424898,0.021648681681589965,SE,3585,2.4215112297129645e-05,0.18320832231595013,0.0007450580596923828,6320.621783387899,-3156.382824750215,12.440960562333203,0.000420019709858388,8.392002194972789e-05
0.01118705447667404,4,'Mycn',155.73736765099608,73.7623330527566,-3037.8857544692473,-4.163088471779863,0.03844523143239563,SE,3585,1.3863163937503014e-05,0.08401407067132134,0.003269672393798828,6108.50956395063,-3050.0836494039427,12.197894934695341,0.0004784347272049905,9.506899696075322e-05
0.00702790954295345,4,'Foxd4',405.47427007419213,60.54188933103019,-3408.2488448553086,-4.315010591553216,0.01897428930130931,SE,3585,1.2934872755580406e-05,0.19524063164765887,0.0007719993591308594,6849.235744722752,-3420.4175326864333,12.168687831124771,0.0004859848271742129,9.604443224786819e-05
0.01890612634539283,4,'Rxrb',155.73736765099608,43.30562013186173,-3205.6022403055904,-5.051219251623271,0.0643505928481721,SE,3585,3.0660702557652565e-05,0.06715166908509144,0.003393888473510742,6443.942535623316,-3217.5930742742275,11.990833968637162,0.0005346285908349735,0.00010508670090122332
0.02014820966600643,4,'Lhx1',405.47427007419213,20.83862310248613,-3300.7972894451937,-4.360602294802422,0.03235531148960006,SE,3585,7.126819785086556e-05,0.13813576402980957,0.0007548332214355469,6634.3326339025225,-3312.591457752951,11.794168307757445,0.0005941654996960422,0.00011616138801486652
0.011630758162319274,4,'Esrrb',405.47427007419213,36.412985403052005,-3396.340579815247,-4.0610049943370115,0.022595915591362283,SE,3585,3.7068568084245984e-05,0.20821157902809626,0.0007500648498535156,6825.419214642629,-3408.0933089452083,11.752729129961153,0.0006075408972060492,0.00011814115648148748
0.014887195173557174,4,'Rnf2',155.73736765099608,55.22164455499671,-3271.996204234645,-4.762264061571648,0.05422622693328404,SE,3585,1.9763110867924366e-05,0.0686688900273253,0.0025110244750976562,6576.730463481425,-3283.434141508866,11.437937274220985,0.0007195963053922005,0.000139186906265416
0.013074030560769256,4,'Rxra',155.73736765099608,62.99576223826321,-3049.16976618618,-4.739535847613781,0.05096709676099366,SE,3585,1.4164081164662489e-05,0.06333801404246546,0.002526998519897461,6131.077587384495,-3060.2805364680903,11.11077028191039,0.0008582783771560187,0.00016513292489774294
0.013168259768515503,4,'Mitf',405.47427007419213,32.11144250541423,-3233.206618023247,-4.132591888882577,0.02359861237235003,SE,3585,5.56335717031932e-05,0.24532595533691712,0.0007748603820800781,6499.151291058629,-3244.219060034994,11.012442011747225,0.0009050233414638065,0.00017230334916017262
0.012335737707215567,4,'Gata4',155.73736765099608,66.81599914931424,-3352.3250225965094,-3.7031009368068077,0.03330306339754081,SE,3585,1.8608502260625402e-05,0.09318735069317607,0.0027010440826416016,6737.388100205154,-3363.3412456997967,11.016223103287302,0.0009031791062199535,0.00017230334916017262
0.014007313977430783,4,'Tfap2b',155.73736765099608,58.74285956887772,-3167.0888395307975,-4.540043644865111,0.04857042131109612,SE,3585,3.205522266565852e-05,0.125357480552569,0.0021779537200927734,6366.91573407373,-3178.0904541595037,11.001614628706193,0.0009103255076291505,0.0001724101340206725
0.07351765182415655,4,'Grhl1',405.47427007419213,5.399960874824965,-3168.52398095521,-4.632353478497553,0.08181249617002806,SE,3585,0.0029736975715276693,0.5353137421809087,0.0007526874542236328,6369.786016922555,-3179.26023525168,10.736254296470179,0.0010505676878476145,0.0001979402143848544
0.014447385906911305,4,'Uaca',405.47427007419213,29.23045877378962,-3293.4531240876877,-4.392771165459099,0.02689807248636366,SE,3585,9.523268969325269e-05,0.35071452774764955,0.0007710456848144531,6619.644303187511,-3304.138406857757,10.685282770069534,0.0010799122617743961,0.0002024202927412177
0.023325851864557635,4,'Ptch1',155.73736765099608,34.94205421853205,-3080.6656264908397,-4.333296828381552,0.05235641383236718,SE,3585,8.965766012901147e-05,0.1313469131084162,0.0025169849395751953,6194.069307993815,-3091.070963493562,10.405337002722263,0.001256516295021659,0.00023431539301103205
0.01161799700512468,4,'Topors',155.73736765099608,70.99533663808349,-3160.132931854516,-5.042083690151262,0.05532760619767706,SE,3585,1.7466362131316743e-05,0.09831781757356423,0.0020339488983154297,6353.003918721167,-3170.3651967253,10.232264870784093,0.001380051010365202,0.0002560391484907611
0.012573743624982486,4,'Uncx',155.73736765099608,65.53545580826615,-3232.4037578257503,-4.875455140095325,0.05353490013922933,SE,3585,2.3856124977618054e-05,0.11509909158512327,0.0021800994873046875,6497.545570663636,-3242.517979558073,10.114221732322676,0.0014712954982319948,0.0002715820024424541
0.014448672805778722,4,'Nr5a1',155.73736765099608,56.92296909340255,-3207.3328682041174,-4.503959793863894,0.04849944418268595,SE,3585,2.531458169471086e-05,0.09321018937310636,0.0026166439056396484,6447.40379142037,-3217.2508907239426,9.918022519825172,0.0016366813449119055,0.00030058426903799924
0.018980178473941137,4,'Taf2',155.73736765099608,43.13340514109161,-3038.0199185094325,-5.088223908756833,0.0645359781650493,SE,3585,4.167883929918158e-05,0.09059960463863735,0.0026738643646240234,6108.777892031,-3047.792590880602,9.772672371169392,0.0017712481468478147,0.00032341502654068254
0.01587682664796997,4,'Wt1',155.73736765099608,51.72756194852753,-3233.054826974936,-4.635441053118935,0.052627690036456204,SE,3585,5.190254696846652e-05,0.1592043898209278,0.0022988319396972656,6498.847708962007,-3242.8196951990035,9.764868224067413,0.0017787826459737532,0.00032341502654068254
0.008223667496312615,4,'Hoxa1',155.73736765099608,100.64320346625118,-3280.805750601883,-4.147793993711485,0.03490933024826673,SE,3585,7.4099391468806325e-06,0.08209040131245889,0.0027048587799072266,6594.349556215901,-3290.5312573365877,9.725506734704595,0.001817282101235107,0.0003273965754437075
0.02454732284509507,4,'Klf1',155.73736765099608,33.16181747727095,-3146.0206983590306,-4.77970603382258,0.0630210147020637,SE,3585,5.091710692994729e-05,0.06768929175604539,0.0029981136322021484,6324.779451730196,-3155.7447837810587,9.72408542202811,0.0018186879765897945,0.0003273965754437075
0.026373520266324734,4,'Sox9',155.73736765099608,30.8077888353903,-3535.9988914155474,-4.096847043861491,0.05287208683141285,SE,3585,5.84894646861998e-05,0.06786187632680847,0.002287149429321289,7104.73583784323,-3545.709335527623,9.710444112075493,0.0018322373100965184,0.0003282108929863894
0.012010090601541155,4,'Runx3',155.73736765099608,68.65030633144168,-3204.474727836943,-4.454661889777993,0.04483246110694075,SE,3585,2.0158726568272322e-05,0.10635651681780078,0.0028069019317626953,6441.687510686022,-3214.0902454154607,9.615517578517483,0.0019294007786162526,0.000343921707418227
0.010467512347835774,4,'Tal1',155.73736765099608,78.89015865083041,-3141.5373906596615,-4.551918616860493,0.04442134934058391,SE,3585,1.3534417479380824e-05,0.09340829670501526,0.002681255340576172,6315.812836331458,-3151.0350763763563,9.497685716694832,0.0020573122223183082,0.00036493343189681753
0.013405265996947064,4,'Mybl1',155.73736765099608,61.418557349669214,-3283.2425375186303,-4.709818187864953,0.05150239625190513,SE,3585,3.872727052422098e-05,0.16495009777316078,0.0025479793548583984,6599.223130049396,-3292.494281936485,9.251744417854752,0.0023527120850431738,0.00041530663460603254
0.016328866278981367,4,'Gata5',155.73736765099608,50.27246131306239,-3155.4684038386968,-4.670279568472833,0.05348935785605426,SE,3585,4.464090358216268e-05,0.12969388455361117,0.002505779266357422,6343.674862689529,-3164.376791116033,8.90838727733626,0.0028386384403534803,0.0004986628792891491
0.006755513912860587,4,'Pias3',405.47427007419213,63.000335319246844,-2999.518608931976,-4.8071571527929455,0.020378612347414303,SE,3585,2.0055418881030024e-05,0.32725440866286215,0.0007791519165039062,6031.775272876087,-3008.356962295691,8.838353363715214,0.0029496515608430363,0.0005156733497977338
0.006435521231216363,4,'Sp7',405.47427007419213,66.15419971769903,-2966.850395181782,-5.171766055067955,0.02234815391224101,SE,3585,1.7547315951814367e-05,0.3150926010495977,0.0007569789886474609,5966.438845375699,-2975.2617953743047,8.411400192522706,0.0037287536946301048,0.0006487609734023674
0.010330327498889931,4,'Tbr1',155.73736765099608,79.94888770550737,-3366.463145548356,-4.117675640634645,0.037520535455962074,SE,3585,1.936050535163031e-05,0.13711204756390113,0.0027740001678466797,6765.664346108847,-3374.589221253156,8.126075704800314,0.004363308759330775,0.0007555513003170175
0.01097799109873456,4,'Bach2',155.73736765099608,75.1829454164963,-3263.559584251643,-4.1279073706573834,0.03820122265665314,SE,3585,1.6569131661876378e-05,0.1041839824133652,0.0024900436401367188,6559.8572235154215,-3271.487332781886,7.927748530242752,0.004868233627429053,0.0008389889922324953
0.011698778135375627,4,'Lhx5',155.73736765099608,70.49934493185924,-2871.6493600990216,-4.701180626672056,0.04811402112011114,SE,3585,1.3679579977232087e-05,0.07596762525308012,0.002705812454223633,5776.036775210178,-2879.227274164964,7.577914065942423,0.005908777732395731,0.001013512475539577
0.01309520151137078,4,'Foxa1',155.73736765099608,62.89256812316507,-3333.1217691860165,-4.096158696093136,0.04023922539703499,SE,3585,2.3534918644955843e-05,0.10491103480959878,0.0026040077209472656,6698.981593384168,-3340.48141080653,7.359641620513685,0.006670408565643604,0.001138780805060795
0.013937418500816375,4,'Hoxd13',155.73736765099608,59.04163722799994,-3359.639735795705,-4.139746212550918,0.04194417334638199,SE,3585,3.398566410540421e-05,0.13420464234191995,0.002611875534057617,6752.017526603545,-3366.967054985208,7.327319189503214,0.006791427376250159,0.0011540233434579712
0.015369570279979306,4,'Irx5',405.47427007419213,27.450901988140764,-3146.905643593669,-4.866786160279524,0.030067618301743253,SE,3585,9.578466916363545e-05,0.31286915405460947,0.0007860660552978516,6326.549342199473,-3154.01749276339,7.111849169720699,0.007657607709299685,0.0012951556379365223
0.01105582245738327,4,'Pbx3',155.73736765099608,74.6477936841736,-3116.8663478661947,-5.054281255460492,0.05462764259864218,SE,3585,2.1920384923793076e-05,0.13594159003020936,0.0023801326751708984,6266.470750744525,-3123.925181870608,7.0588340044132565,0.00788753179931767,0.0013278673062824364
0.021473163074140596,4,'Gmeb2',155.73736765099608,38.02883076943101,-3354.5984122403743,-4.320263048770026,0.052121302100603124,SE,3585,8.777451237845701e-05,0.15059376487121628,0.002074003219604492,6741.934879492884,-3361.629790134625,7.031377894250909,0.008009370308291408,0.0013421651124074418
0.013397754922409633,4,'Smyd1',405.47427007419213,31.554053759495392,-3283.295802534035,-4.451964310007681,0.02616235450517626,SE,3585,5.665517879698265e-05,0.24157317362985647,0.0009810924530029297,6599.329660080205,-3289.8786081898834,6.5828056558484604,0.010296846794741854,0.0017175724428259978
0.025192777741768896,4,'Ahr',405.47427007419213,16.58012398738938,-3161.3419513414215,-4.537921461772687,0.03682408184515945,SE,3585,0.0003296517245127221,0.4171636849344825,0.0010218620300292969,6355.421957694978,-3167.882514962781,6.540563621359524,0.010544193765353427,0.0017508001270823462
0.012168275050267427,4,'Vezf1',405.47427007419213,34.78556348353139,-2945.7036785521086,-4.632588616097005,0.02431017137348004,SE,3585,7.273219804973778e-05,0.37406329641062774,0.0006442070007324219,5924.145412116352,-2952.2322053551507,6.528526803042041,0.010615784451692756,0.0017531227617005134
0.00884249545050533,4,'Foxp3',155.73736765099608,93.54144675387525,-3127.272818570931,-4.8717625074162205,0.047606094245142346,SE,3585,1.176917517669804e-05,0.11306180720896046,0.002705812454223633,6287.283692153997,-3133.794853324551,6.522034753619664,0.010654603584234867,0.0017531227617005134
0.009852205611575864,4,'Rest',405.47427007419213,43.06373046011802,-3221.1115357451754,-4.356675325064558,0.021604895562709597,SE,3585,5.9171671328377234e-05,0.4598087794888366,0.0007419586181640625,6474.961126502486,-3227.2610434402586,6.14950769508323,0.013144868704516921,0.002153131646931519
0.00814167083321786,4,'Npas3',155.73736765099608,101.66520924308696,-3327.4699674214207,-4.226940083036928,0.03608309381692761,SE,3585,1.5658652684642432e-05,0.17692487508508659,0.0029969215393066406,6687.677989854977,-3333.4440715651376,5.974104143716886,0.014517454379038286,0.0023672979011884697
0.012394554099974727,4,'Blzf1',155.73736765099608,66.49497433336894,-3130.997519256678,-4.525251299023061,0.04635942177276596,SE,3585,3.0260208307217838e-05,0.15013814025789293,0.002733945846557617,6294.733093525491,-3136.5665556610898,5.5690364044116905,0.018280818273916033,0.002967665304207149
0.014076173603851248,4,'Foxd3',155.73736765099608,58.45141132803171,-3270.1683308974298,-4.350642059003088,0.04549104928120295,SE,3585,4.0403073671490626e-05,0.15650536421930722,0.0022590160369873047,6573.074716806995,-3275.4386480550397,5.270317157609952,0.021692060147782355,0.0035057874986314927
0.007317164021100359,4,'Sox17',155.73736765099608,113.21500148126682,-3214.6748627012003,-4.222336158589881,0.03447113825611569,SE,3585,1.4200372454124349e-05,0.19796777138424504,0.002627134323120117,6462.087780414536,-3219.7722650369024,5.0974023357021,0.023961702174514432,0.0038554629403884854
0.0041459319882077815,4,'Tbx4',405.47427007419213,102.92446525063572,-3245.5758365678357,-4.681864077012654,0.01691480890584951,SE,3585,1.187174304430436e-05,0.5087925606468063,0.0006630420684814453,6523.889728147807,-3250.4095689216174,4.83373235378167,0.02790815099577515,0.004470668962078519
0.009258250906703413,4,'Foxn1',155.73736765099608,89.30335436346655,-3286.31818370337,-4.557285093579874,0.043091552101717306,SE,3585,1.850244630778046e-05,0.16241894479710153,0.0027229785919189453,6605.374422418875,-3291.134325064294,4.816141360924121,0.028194394101417997,0.00449671357279394
0.008892763424222573,4,'Mtf2',405.47427007419213,47.75611608938394,-3161.7080107719185,-4.5962843673929346,0.02186039473674535,SE,3585,0.00018777069572071376,1.7838737680273011,0.0007112026214599609,6356.154076555972,-3166.444301182839,4.7362904109204464,0.0295326858303695,0.004689588857541804
0.008756481206133024,4,'Elf1',405.47427007419213,48.506041251407716,-3396.5883340117016,-3.6701538430725575,0.017371524893321354,SE,3585,5.052707140159914e-05,0.49480049663613246,0.0008618831634521484,6825.914723035538,-3400.9188734695813,4.330539457879695,0.03743437981922115,0.005918479022801765
0.00795788275515123,4,'Srebf1',405.47427007419213,53.41677511444584,-3357.236700849806,-4.167130405309569,0.019015755149310205,SE,3585,3.973922238511624e-05,0.469629980591521,0.0007729530334472656,6747.211456711747,-3361.535122888363,4.298422038556964,0.03814775243019719,0.006005155833167604
0.006986682514931559,4,'Nhlh1',405.47427007419213,60.901663474307846,-3362.5175892868465,-4.405670075474997,0.019293993772119176,SE,3585,2.7353762760879873e-05,0.4176969496941944,0.00075531005859375,6757.773233585828,-3366.6821314287536,4.164542141907077,0.04127856820943199,0.006469995017152351
0.004555444773332405,4,'Ppara',405.47427007419213,93.63352650825169,-3366.2698756030277,-4.265521951931412,0.015435285562114773,SE,3585,1.3014071856388792e-05,0.46276518983627785,0.0008950233459472656,6765.277806218191,-3370.4133798660437,4.143504263015984,0.0417945640426155,0.006522756776061726
0.005991618949564872,4,'Elf4',405.47427007419213,71.0871252024574,-3278.077639296581,-4.5796601740772145,0.018850139445577438,SE,3585,0.00010207740317951997,2.1107529103794187,0.0006659030914306641,6588.893333605297,-3282.1762180353353,4.098578738754441,0.04291927806186224,0.006669662480475875
0.004217397939218726,4,'Gata6',405.47427007419213,101.1730968349728,-3156.038660518905,-4.57800135422072,0.016254017645057402,SE,3585,1.4738766716225031e-05,0.6106206492618094,0.0006480216979980469,6344.815376049945,-3160.0727217113645,4.034061192459376,0.04459047827071927,0.006899880583476872
0.010682984909971108,4,'Rbpj',405.47427007419213,39.68148848274685,-2996.4213911598654,-4.8896335029291045,0.024939095991907478,SE,3585,5.790546045073831e-05,0.38401929170720406,0.0011019706726074219,6025.580837331866,-2999.838932863503,3.417541703637653,0.0645070047356382,0.009939446030144563
0.004356453157583149,4,'Ddx3x',405.47427007419213,97.93003856345443,-2933.887412703609,-4.979534412028777,0.018414611167791466,SE,3585,4.2225704555163e-05,1.6404427459550024,0.0006511211395263672,5900.512880419353,-2936.9510041220783,3.063591418469514,0.0800645248215841,0.01228454542717056
0.00481494688377257,4,'En2',155.73736765099608,172.48391382061934,-3211.6761176538857,-4.595573490709238,0.03456143050700086,SE,3585,1.1614565361707573e-05,0.37008099465374,0.002871990203857422,6456.090290319907,-3214.417899683265,2.741782029379465,0.09775569760824276,0.014935935463444277
0.00709816571424309,4,'Runx1',405.47427007419213,59.938417125488506,-3361.229959642689,-4.125997586811162,0.01781574648704426,SE,3585,3.580459050206973e-05,0.5299478335107919,0.001104116439819336,6755.197974297514,-3363.6596707629606,2.4297111202713495,0.11905483663088423,0.018114086973128073
0.007155893614740471,4,'Dlx2',405.47427007419213,59.451426227341635,-3426.047081389881,-4.019933769559798,0.017535498068413004,SE,3585,6.573338154479523e-05,0.957521821462965,0.0010972023010253906,6884.832217791897,-3428.136218254017,2.0891368641359804,0.1483498650433378,0.022477252279293612
0.004392609041428376,4,'Ikzf1',155.73736765099608,189.1480267170654,-3262.833561979778,-4.609786064705655,0.03359092306020875,SE,3585,1.7069788244407536e-05,0.6523767829151245,0.0020961761474609375,6558.405178971691,-3264.4163048482687,1.5827428684906408,0.20836604742682507,0.03143961485127501
0.005142551354613355,4,'Taf6l',405.47427007419213,82.89480409573059,-3284.168726349926,-4.293778099337764,0.01616119741364229,SE,3585,0.0001401444309275671,3.9199969081082746,0.0007708072662353516,6601.0755077119875,-3285.531630158008,1.3629038080816827,0.2430348596349493,0.03651913743575498
0.0014556430711403692,4,'Pax6',405.47427007419213,293.93923202195236,-3330.497229021603,-4.590846810038722,0.011631105379234806,SE,3585,6.383763398585232e-06,2.194714484568593,0.0006630420684814453,6693.732513055341,-3331.640843155217,1.143614133614392,0.28488993618361025,0.042632238860248466
0.1539911844631483,4,'Hnf1a',1.3017886336144158,5.493805514566077,-3425.08761598265,-4.18031128553815,2.7337941209847876,SE,3585,0.015037167664353316,0.8358995036608395,0.0016598701477050781,6882.913286977435,-3425.838489329647,0.7508733469971958,0.3861998647474161,0.05755586657934668
0.0037134126157735907,4,'Sall1',405.47427007419213,114.9624911441265,-3534.733434905318,-3.970049775505217,0.013117843976723397,SE,3585,3.7710914170871865e-05,2.0109948636941652,0.0006871223449707031,7102.204924822771,-3535.2257947884937,0.4923598831755953,0.4828764989631056,0.07166998129322534
2.001329497819918e-09,4,'Pax2',59.81668745201413,485165195.4097903,-3187.9152856608052,-4.840018792155973,4.8998650086005365e-08,SE,3585,3.86475389898479e-06,698650874131.2113,0.0005521774291992188,6408.568626333746,-3187.915356510276,7.084947083058069e-05,0.9932841151880151,0.14506409694115494
2.3755056464597378e-09,4,'Sall3',155.73736765099608,351301647.08451265,-3199.3077195113365,-4.7508156193277715,6.524046826244372e-08,SE,3585,2.546716274500363e-05,3267713603085.889,0.0005471706390380859,6431.353494034808,-3199.307789768637,7.025730064924574e-05,0.9933122395906263,0.14506409694115494
5.931981166872536e-09,4,'Foxb1',155.73736765099608,140681337.28278425,-3311.1033726813876,-4.495670592913509,1.4630436258128414e-07,SE,3585,7.281807974012278e-07,14983568512.546024,0.0005390644073486328,6654.94480037491,-3311.1034499508205,7.726943294983357e-05,0.9929864429962367,0.14506409694115494
2.0521520629174183e-09,4,'Nfkb2',22.974807855685867,485165195.4097903,-3247.001964584764,-4.017832382206718,3.4011625375482813e-08,SE,3585,0.00010965972825406318,18854006141590.246,0.0005481243133544922,6526.741984181664,-3247.002034544773,6.996000865910901e-05,0.9933264038045582,0.14506409694115494
